{
  "assetsByChunkName": {
    "vendors~app-account~app-checkout~app-confirmation~app-order": "chunk.c02b8b96460cc8cdb3d5.js",
    "vendors~app-account~app-confirmation~app-order": "chunk.d208801c3c760865f848.js",
    "vendors~app-account~app-checkout": "chunk.b92b78463567728793b4.js",
    "vendors~app-cart~app-checkout": "chunk.bad95e1567ff84f6358e.js",
    "admin": [
      "admin.22537ab294956846fcf0.js",
      "admin.22537ab294956846fcf0.js.map"
    ],
    "app-account": "chunk.e427bb0e69fe87293b63.js",
    "app-checkout": "chunk.03782857b6997d85671f.js",
    "app-confirmation": "chunk.a78c82104f10e5ed93ba.js",
    "app-order": "chunk.69de5e9272d98384bda9.js",
    "checkout": [
      "checkout.1368c2733fc3fc65dfaf.js",
      "checkout.1368c2733fc3fc65dfaf.js.map"
    ],
    "storefront": [
      "storefront.6e158a5273615fbef2e3.css",
      "storefront.d0a3b403378db005f897.js",
      "storefront.6e158a5273615fbef2e3.css.map",
      "storefront.d0a3b403378db005f897.js.map"
    ],
    "vendors~app-cart": "chunk.90c6a957da86599951c6.js"
  }
}