{
  "marketing_stripe": {
    "text": "Aproveite nossos descontos de até 40%!",
    "link": "/promotion",
    "background": "#3d292d",
    "color": "#3d292d"
  },
  "contacts_stripe": {
    "pages": [
      {
        "title": "Sobre nós",
        "link": "/pages/sobre-nos"
      },
      {
        "title": "Esta loja é um PWA",
        "link": "/posts/esta-loja-e-um-pwa"
      }
    ],
    "phone_wpp": true,
    "socials": true
  },
  "categories_list": {
    "featured": [],
    "random": 6,
    "full_width": true
  },
  "search_input": true
}